id	Uniprot	Symbol	iBAQ.Cbp3_1	iBAQ.Cbp3_2	iBAQ.Cbp3_3	iBAQ.Kgd4_1	iBAQ.Kgd4_2	iBAQ.Kgd4_3	logFC	t.ord	t.mod	p.ord	p.mod	q.ord	q.mod	df.r	df.0	s2.0	s2	s2.post	categ_Ord	categ_Mod	NegLogPvalMod	NegLogPvalOrd
85	P38325	OM14	17678000	6444600	16747000	9808600	9146600	9188000	0.403590367	0.851612296	0.72080777	0.442411708	0.486148316	0.142985772	0.138305257	4	6.937915156	0.547145998	0.33689068	0.470255543	Not Significant	Not Significant	0.313231215	0.354173389
86	Q04689	AIM32	466220	92179	557820	1989700	2406500	2142900	-2.913838527	-3.511211776	-4.191727876	0.024644897	0.001524967	0.017849232	0.001830917	4	6.937915156	0.547145998	1.033018675	0.724829833	Significant	Significant	2.816739461	1.608272991
87	Q04728	ARG7	577860	301000	797790	1247500	2120400	1740100	-1.683946076	-3.582529051	-3.013935831	0.023115412	0.011852093	0.01730419	0.007049408	4	6.937915156	0.547145998	0.33141196	0.468251973	Significant	Significant	1.926204956	1.636098369
88	Q03153	ATP25	150810	38258	0	54425	30150	239510	-0.039344645	-0.03708456	-0.049065832	0.972194546	0.961751322	0.260399971	0.236681439	4	6.937915156	0.547145998	1.688403509	0.964504332	Not Significant	Not Significant	0.016937208	0.01224682
91	Q08230	SDH5	320160	181960	0	897180	1288000	312060	-2.207731952	-2.393053685	-2.997074013	0.074918924	0.012213733	0.037465502	0.007049408	4	6.937915156	0.547145998	1.276671202	0.813933661	Not Significant	Significant	1.913151589	1.125408469
92	P32875	LIP5	138160	44660	284240	1940300	3221400	1726100	-4.195587713	-5.087750029	-6.055428625	0.007042506	8.44E-05	0.008868405	0.000356507	4	6.937915156	0.547145998	1.020059108	0.720090514	Significant	Significant	4.073496885	2.152272805
93	Q08622	GEP3	47437	0	200660	193630	216420	242620	-1.487588575	-2.140524503	-2.328927211	0.099029451	0.040067771	0.045175051	0.018059021	4	6.937915156	0.547145998	0.724463518	0.611991087	Not Significant	Not Significant	1.397204815	1.004235627
94	Q12032	AIM41	973220	0	264720	3671900	3607300	4746700	-3.512285837	-4.516700041	-5.221280976	0.010685212	0.000290272	0.010724118	0.000751213	4	6.937915156	0.547145998	0.90704423	0.678760927	Significant	Significant	3.537194402	1.971216853
96	P47025	MDV1	109520	0	31185	0	0	132930	-0.351543424	-0.356546033	-0.458885507	0.739444102	0.655300714	0.214453881	0.176788747	4	6.937915156	0.547145998	1.45820304	0.880319927	Not Significant	Not Significant	0.183559359	0.131094651
97	P40033	RSM18	5471200	1200700	7170700	8178100	9357000	7463700	-1.199951923	-1.485288923	-1.750201743	0.211647465	0.108043276	0.08130434	0.04031608	4	6.937915156	0.547145998	0.979032405	0.705087032	Not Significant	Not Significant	0.966402254	0.674386929
98	P40047	ALD5	613490	0	643150	213000	949100	275710	-0.195981352	-0.173391288	-0.234482646	0.870764678	0.818941748	0.243264445	0.211257254	4	6.937915156	0.547145998	1.916311977	1.047850551	Not Significant	Not Significant	0.086746989	0.060099196
101	P42844	ZIM17	0	287810	127850	2902600	7680500	4897100	-4.928190174	-8.186453068	-8.169540262	0.001212707	5.55E-06	0.004085243	4.05E-05	4	6.937915156	0.547145998	0.543593961	0.545847017	Significant	Significant	5.255956845	2.916244278
103	A6ZTE8	MGR1	575250	505830	562200	0	49043	99222	3.037622469	9.915891319	5.893151688	0.00058068	0.000106543	0.003471112	0.000388527	4	6.937915156	0.547145998	0.140765211	0.39853238	Significant	Significant	3.972475132	3.236062828
104	P53166	MRH4	273660	502350	375860	755930	533920	431310	-0.584109521	-1.688363108	-1.113569254	0.166612402	0.289336726	0.068358306	0.09285014	4	6.937915156	0.547145998	0.179534585	0.412710355	Not Significant	Not Significant	0.538596437	0.778292675
105	P48237	CCM1	581460	230530	275650	1948800	11880000	13986000	-4.365757567	-4.372011251	-5.654933672	0.011949269	0.000150903	0.011375985	0.000504434	4	6.937915156	0.547145998	1.495711897	0.894036931	Significant	Significant	3.821302987	1.922658671
106	P40496	RSM25	3504600	1006200	2840700	7037100	10576000	9553300	-2.049762999	-3.510594348	-3.435206132	0.024658655	0.005616175	0.017849232	0.004210909	4	6.937915156	0.547145998	0.51137237	0.534063568	Significant	Significant	2.250559386	1.608030607
108	Q3E785	SDH6	15608000	202730	9473000	2400100	2166200	1562900	0.627726741	0.315675135	0.484672777	0.768033618	0.637468609	0.222010291	0.173362754	4	6.937915156	0.547145998	5.931325658	2.516142679	Not Significant	Not Significant	0.195541196	0.11461977
109	Q03429	MZM1	3331000	3246100	3628000	9821800	16347000	12069000	-1.87544614	-8.567889686	-3.759233599	0.001019083	0.003189731	0.004085243	0.002941398	4	6.937915156	0.547145998	0.07187084	0.37333768	Significant	Significant	2.49624598	2.99179048
111	P25039	MEF1	358820	49931	673190	863910	1500900	1087500	-2.289766238	-1.984407695	-2.701750874	0.118204068	0.020684968	0.051765204	0.010706368	4	6.937915156	0.547145998	1.997154897	1.077414839	Not Significant	Significant	1.68434514	0.927367577
113	P36517	MRPL4	2070700	573720	2205400	8080500	4065000	6611300	-2.124352095	-3.043520612	-3.319559035	0.038270072	0.006887192	0.023605132	0.004933364	4	6.937915156	0.547145998	0.730788599	0.614304172	Significant	Significant	2.16195779	1.417140721
115	P43617	YFR045W	4499500	2409900	3683900	143880	128760	287100	4.291550761	9.560510296	7.770051346	0.000668647	8.91E-06	0.003603695	5.50E-05	4	6.937915156	0.547145998	0.302243952	0.457585221	Significant	Significant	5.050160821	3.174803277
118	P47127	AIM24	2648200	1405400	2283200	2229200	3967700	2102200	-0.376559603	-0.936510415	-0.698658598	0.402030741	0.499351138	0.133380039	0.14106092	4	6.937915156	0.547145998	0.242512144	0.435741275	Not Significant	Not Significant	0.301593956	0.395740737
119	Q08223	AIM39	910620	376880	967530	0	259830	271570	2.005386778	2.629191881	3.009167265	0.058235482	0.011953257	0.032110566	0.007049408	4	6.937915156	0.547145998	0.872655818	0.666185071	Not Significant	Significant	1.922513745	1.234812326
124	P00044	CYC1	17655000	9244800	15155000	19133000	37766000	14508000	-0.694471684	-1.39593807	-1.224072053	0.235227472	0.246637312	0.087670944	0.080434558	4	6.937915156	0.547145998	0.371251351	0.482821254	Not Significant	Not Significant	0.607941222	0.628511959
127	P00128	QCR7	11744000	3058200	3323900	9912800	7725600	4925700	-0.553285554	-0.79733094	-0.86677104	0.469909982	0.404680903	0.150210265	0.119801548	4	6.937915156	0.547145998	0.722291806	0.611196891	Not Significant	Not Significant	0.392887289	0.327985329
128	P00175	CYB2	11916000	4483200	11452000	16995000	24042000	15201000	-1.114577714	-2.220140099	-1.959508685	0.090598137	0.076026726	0.042662061	0.03004618	4	6.937915156	0.547145998	0.378051711	0.485308149	Not Significant	Not Significant	1.119033711	1.042880733
132	P00359	TDH3	7599900	2933700	4836800	7013400	9953600	6820700	-0.714165855	-1.646792748	-1.303563052	0.174946013	0.219152203	0.070939121	0.073564273	4	6.937915156	0.547145998	0.282105486	0.450220576	Not Significant	Not Significant	0.659254159	0.757095951
133	P00360	TDH1	982150	141590	829820	190540	948030	73333	1.040966704	0.74370824	1.069229525	0.498364278	0.307994924	0.157013724	0.09689969	4	6.937915156	0.547145998	2.938730428	1.421749392	Not Significant	Not Significant	0.511456441	0.302453095
134	P00401	COX1	2488900	1303400	2067900	3999500	2824100	2103500	-0.608149352	-1.576721727	-1.137623819	0.189990466	0.279584299	0.075984183	0.090354666	4	6.937915156	0.547145998	0.223152446	0.428661425	Not Significant	Not Significant	0.553487222	0.721268193
135	P00410	COX2	4580300	3026000	2554300	6339300	16675000	6179400	-1.401874368	-2.626850891	-2.420181925	0.058378502	0.034111759	0.032110566	0.015818927	4	6.937915156	0.547145998	0.427207242	0.503284347	Not Significant	Not Significant	1.467095885	1.23374705
136	P00427	COX6	2149300	616900	1625900	990630	1074200	506040	0.667069924	1.03399471	1.077074862	0.359553095	0.304628793	0.122536483	0.096217982	4	6.937915156	0.547145998	0.624305766	0.575363357	Not Significant	Not Significant	0.516229051	0.444236969
138	P00447	SOD2	12149000	8860600	8353200	4717300	7319800	2849000	1.064092611	2.488597799	1.948511892	0.067585791	0.077462604	0.035214534	0.03046358	4	6.937915156	0.547145998	0.274246245	0.447346448	Not Significant	Not Significant	1.110907907	1.170144601
140	P00560	PGK1	1929900	901670	985940	382050	455600	36880	2.687371265	2.204232088	3.052741198	0.092216664	0.011060307	0.043191999	0.006932282	4	6.937915156	0.547145998	2.229625675	1.162429497	Not Significant	Significant	1.956232825	1.035190591
141	P00830	ATP2	23830000	16374000	23062000	56717000	76611000	50075000	-1.531906636	-6.097235497	-3.036878088	0.003660097	0.011377317	0.006678622	0.00696767	4	6.937915156	0.547145998	0.094686904	0.381681524	Significant	Significant	1.943960148	2.436507427
143	P00890	CIT1	13476000	7393000	12235000	18572000	20879000	15609000	-0.770640554	-2.613207878	-1.502210116	0.059220086	0.161350942	0.032216522	0.057493807	4	6.937915156	0.547145998	0.130450894	0.39476043	Not Significant	Not Significant	0.792228494	1.227530969
144	P00924	ENO1	986030	357330	516330	510900	1180900	850840	-0.498853894	-0.900516201	-0.851040539	0.418761422	0.412990382	0.137414849	0.121811991	4	6.937915156	0.547145998	0.460314793	0.515391791	Not Significant	Not Significant	0.384060063	0.378033334
145	P00925	ENO2	0	44650	106790	97725	0	0	-0.082763539	-0.114993086	-0.127584764	0.913991958	0.900792991	0.25195376	0.2272568	4	6.937915156	0.547145998	0.777008743	0.631206897	Not Significant	Not Significant	0.045375002	0.039057626
146	P00927	ILV1	335970	150080	459810	1259500	1456100	1382600	-2.257675562	-4.655430879	-4.007511037	0.00962233	0.002082652	0.009979127	0.002088554	4	6.937915156	0.547145998	0.352772365	0.476063482	Significant	Significant	2.681383275	2.016719755
148	P00950	GPM1	764890	73331	183580	3222800	3094500	2155500	-3.67589051	-3.671105115	-4.753387603	0.021370364	0.000605816	0.016524061	0.001218598	4	6.937915156	0.547145998	1.503913138	0.897036129	Significant	Significant	3.217659085	1.670188088
149	P01097	INH1	11425000	5310500	9393600	10827000	12276000	9773100	-0.39616614	-1.148607693	-0.755631752	0.314733399	0.465831523	0.108957672	0.133043777	4	6.937915156	0.547145998	0.178444237	0.412311615	Not Significant	Not Significant	0.331771126	0.502057168
150	P01098	STF1	2953900	333400	1115700	5327600	7449400	7919300	-2.720028921	-2.932698725	-3.681250383	0.042698716	0.003651697	0.025615183	0.003252087	4	6.937915156	0.547145998	1.290337746	0.818931521	Significant	Significant	2.43750529	1.369585181
151	P01120	RAS2	1069800	248370	878810	723440	1730800	849380	-0.729113071	-0.953063373	-1.09249804	0.394527757	0.298092724	0.131889972	0.094943169	4	6.937915156	0.547145998	0.877884675	0.668097266	Not Significant	Not Significant	0.525648625	0.403922437
155	P02381	VAR1	947280	517950	1003000	1192000	2011000	860000	-0.688878902	-1.467317507	-1.233340785	0.216191296	0.243296298	0.082687189	0.079668828	4	6.937915156	0.547145998	0.330619777	0.467962271	Not Significant	Not Significant	0.613864498	0.665161795
158	P02992	TUF1	3308700	1525700	3206100	9565700	15884000	11898000	-2.26782162	-5.374232418	-4.164899854	0.005790907	0.001595366	0.008180699	0.001854941	4	6.937915156	0.547145998	0.267101393	0.444733573	Significant	Significant	2.797139727	2.23725342
159	P02994	TEF1	3423300	1700500	4015900	3620800	5054600	3109900	-0.427901176	-0.987489112	-0.781189426	0.379305859	0.451268421	0.127287146	0.130229435	4	6.937915156	0.547145998	0.281652486	0.450054913	Not Significant	Not Significant	0.345565056	0.421010449
160	P03874	CBP2	87495	30751	8774.1	81119	4005900	53331	-3.173279963	-1.440083618	-2.239898831	0.223265164	0.046839759	0.084188372	0.020605524	4	6.937915156	0.547145998	7.283374107	3.010587345	Not Significant	Significant	1.329385348	0.651179035
163	P04037	COX4	26496000	16839000	28633000	61235000	104260000	65920000	-1.680642237	-4.961978414	-3.214676012	0.007695265	0.008293244	0.008868405	0.005498676	4	6.937915156	0.547145998	0.172080661	0.409984453	Significant	Significant	2.081275546	2.113776402
167	P04710	AAC1	1865300	1276500	1414300	4189300	5955100	5402800	-1.774284273	-7.967446797	-3.552084558	0.001344584	0.00457455	0.00436174	0.003670011	4	6.937915156	0.547145998	0.07438739	0.374257984	Significant	Significant	2.339651651	2.871412014
168	P04803	MSW1	0	0	45994	192510	92133	112860	-0.421111572	-0.513164226	-0.609323795	0.634878326	0.554755207	0.189783471	0.155073825	4	6.937915156	0.547145998	1.010119757	0.716455689	Not Significant	Not Significant	0.255898612	0.197309499
169	P04840	POR1	91175000	53253000	90028000	305450000	530150000	275330000	-2.224136028	-5.716651618	-4.153632503	0.004632375	0.001625936	0.007118105	0.00186051	4	6.937915156	0.547145998	0.2270547	0.430088481	Significant	Significant	2.788896512	2.33419625
172	P05626	ATP4	2861700	2477200	1758400	2418000	4632600	2978600	-0.473474893	-1.367491781	-0.902537325	0.243270924	0.386215642	0.090284606	0.11692382	4	6.937915156	0.547145998	0.179819058	0.412814387	Not Significant	Not Significant	0.413170141	0.613909795
182	P06168	ILV5	31133000	14769000	26685000	49273000	59070000	42686000	-1.113313381	-3.137570107	-2.113749311	0.034929399	0.05833679	0.022169073	0.024503503	4	6.937915156	0.547145998	0.188859676	0.416120545	Not Significant	Not Significant	1.234057475	1.456808885
185	P06208	LEU4	43833000	38300000	40633000	74465000	104630000	67992000	-0.98571282	-4.992035902	-1.98889299	0.007532783	0.072310521	0.008868405	0.029006178	4	6.937915156	0.547145998	0.058483946	0.368442088	Not Significant	Not Significant	1.140798511	2.123044539
189	P07143	CYT1	8696000	4254600	9183900	233680	433190	283860	4.509850964	10.16126058	8.187470595	0.000528235	5.43E-06	0.003471112	4.05E-05	4	6.937915156	0.547145998	0.29547481	0.455109743	Significant	Significant	5.265018493	3.277172676
191	P07246	ADH3	3246300	1103100	2163100	4320100	6589200	3709000	-1.256246006	-2.42800955	-2.189274021	0.072135875	0.051166864	0.036520835	0.022188916	4	6.937915156	0.547145998	0.401550218	0.493901562	Not Significant	Not Significant	1.291011201	1.141848697
193	P07251	ATP1	52692000	22290000	46112000	180950000	307480000	191280000	-2.539477068	-5.572715933	-4.580944203	0.005081175	0.000800698	0.007417344	0.001287473	4	6.937915156	0.547145998	0.311491384	0.46096701	Significant	Significant	3.096531465	2.294035842
195	P07253	CBP6	45148000	24312000	34094000	1876700	1158300	1993600	4.358683278	12.1788754	8.263590879	0.000260886	4.97E-06	0.002464415	4.05E-05	4	6.937915156	0.547145998	0.192126605	0.417315263	Significant	Significant	5.303324554	3.583549572
196	P07255	COX9	7253000	3046600	2786800	1770600	2483000	1594400	1.04501707	2.174794833	1.859569293	0.09529752	0.090032663	0.044162667	0.034559927	4	6.937915156	0.547145998	0.346339035	0.473710811	Not Significant	Not Significant	1.045599904	1.020918403
197	P07256	COR1	11372000	5390900	9190900	37050000	46157000	40882000	-2.318375558	-6.958911774	-4.44561855	0.002241012	0.000999449	0.005707089	0.001423329	4	6.937915156	0.547145998	0.166485409	0.407938267	Significant	Significant	3.000239221	2.649555742
198	P07257	QCR2	17477000	8432300	18558000	44612000	67130000	60996000	-2.020535735	-4.967100785	-3.739917205	0.007667276	0.003298217	0.008868405	0.003006876	4	6.937915156	0.547145998	0.248209492	0.437824797	Significant	Significant	2.481720792	2.115358924
200	P07266	MRS1	23046	0	0	148480	494590	30800	-1.839157403	-1.509298152	-2.089970049	0.205727595	0.06078477	0.08031473	0.025288711	4	6.937915156	0.547145998	2.227301337	1.161579486	Not Significant	Not Significant	1.21620522	0.686707452
201	P07275	PUT2	2253500	2023800	2750700	6540100	9876700	8412500	-1.812281136	-8.379226476	-3.635657379	0.001109645	0.003953284	0.004085243	0.003303739	4	6.937915156	0.547145998	0.070167264	0.372714682	Significant	Significant	2.403041997	2.954815837
203	P07342	ILV2	4447900	1199400	4174600	10829000	14258000	10022000	-2.039517059	-3.213670539	-3.314377825	0.032475317	0.006950581	0.021548397	0.00493471	4	6.937915156	0.547145998	0.604147859	0.567991602	Significant	Significant	2.157978917	1.488446598
205	P07806	VAS1	136440	0	368580	341210	499600	545650	-1.386091079	-2.334805798	-2.309330325	0.079830845	0.04147222	0.038844875	0.018484333	4	6.937915156	0.547145998	0.528656126	0.540384245	Not Significant	Not Significant	1.382242719	1.097829272
206	P08067	RIP1	3767400	1890900	2188100	8518700	12389000	7343400	-1.878582783	-4.986167706	-3.529575877	0.007564174	0.004758472	0.008868405	0.003697305	4	6.937915156	0.547145998	0.21292084	0.424919723	Significant	Significant	2.322532514	2.121238487
207	P08417	FUM1	6495500	5044600	5465000	6649100	8549700	5068100	-0.228691969	-0.941236343	-0.454701359	0.399876378	0.658215774	0.133169726	0.176788747	4	6.937915156	0.547145998	0.088551457	0.379437789	Not Significant	Not Significant	0.181631714	0.39807425
211	P08468	PET111	22908	0	12353	0	65656	35433	-1.262367319	-1.346293646	-1.697711122	0.249440708	0.11779519	0.092183775	0.043350097	4	6.937915156	0.547145998	1.318812795	0.829344858	Not Significant	Not Significant	0.928872442	0.603032669
212	P08525	QCR8	1719800	0	1661000	0	928300	664460	0.735723105	0.359625578	0.55426688	0.737309636	0.590548414	0.214453881	0.162810169	4	6.937915156	0.547145998	6.277965187	2.642908895	Not Significant	Not Significant	0.228744492	0.13235009
215	P09440	MIS1	722200	376530	603840	1284100	1987900	2047700	-1.664153943	-4.689766063	-3.159559268	0.009379375	0.009145943	0.009948737	0.005925436	4	6.937915156	0.547145998	0.188875617	0.416126375	Significant	Significant	2.038771523	2.027826116
216	P09457	ATP5	33974000	13269000	32084000	81260000	92831000	69290000	-1.725151476	-3.78623401	-3.112090194	0.01933154	0.009951394	0.015723457	0.006286359	4	6.937915156	0.547145998	0.311408758	0.460936794	Significant	Significant	2.002116075	1.713733541
217	P09624	LPD1	10128000	6427300	7887400	1962400	3600100	2747800	1.575035635	4.978070774	3.042569729	0.007607749	0.011262533	0.008868405	0.00696767	4	6.937915156	0.547145998	0.150158491	0.401967506	Significant	Significant	1.948363936	2.118743802
224	P0CI40	SAL1	411620	293040	512880	46787	0	0	2.591443261	5.93161671	4.72210082	0.004048967	0.000637066	0.006961353	0.001218598	4	6.937915156	0.547145998	0.28630472	0.451756237	Significant	Significant	3.195815349	2.392655816
225	P0CS90	SSC1	11804000	13684000	7997700	23903000	36976000	32140000	-1.486242629	-5.015259458	-2.895419074	0.007410099	0.014641802	0.008868405	0.008330948	4	6.937915156	0.547145998	0.131729752	0.395228109	Not Significant	Not Significant	1.834405465	2.130175989
245	P10174	COX7	2472500	472130	1585300	3608700	550500	3059600	-0.571884757	-0.509145325	-0.68710055	0.637451495	0.506326354	0.189904527	0.142529474	4	6.937915156	0.547145998	1.892451596	1.0391248	Not Significant	Not Significant	0.295569467	0.195552856
246	P10507	MAS1	66287	0	0	480200	743170	582030	-2.821397476	-8.362212194	-5.399864048	0.001118294	0.000221006	0.004085243	0.000633433	4	6.937915156	0.547145998	0.170756576	0.409500234	Significant	Significant	3.655596049	2.951444131
248	P10662	MRP1	1822200	352040	844570	2897500	4215300	2539900	-1.94647806	-2.706062028	-3.001402794	0.053755851	0.012119844	0.030772999	0.007049408	4	6.937915156	0.547145998	0.77609483	0.630872679	Not Significant	Significant	1.916502954	1.269574256
249	P10663	MRP2	2300600	643030	3147700	2720400	4303600	2586700	-0.900403122	-1.219071466	-1.371716792	0.289789529	0.197632008	0.103406898	0.068048784	4	6.937915156	0.547145998	0.818289373	0.64630324	Not Significant	Not Significant	0.704142717	0.53791731
251	P10834	PET54	0	129620	129070	314930	329190	491120	-1.255655421	-3.772173209	-2.408092203	0.019567666	0.03484838	0.015723457	0.01606765	4	6.937915156	0.547145998	0.166206865	0.407836403	Not Significant	Not Significant	1.457817411	1.708460966
252	P10849	MTF2	148630	181110	297420	1406200	3111100	2337600	-3.439648573	-7.675169553	-6.23008964	0.001549464	6.60E-05	0.004556162	0.000311451	4	6.937915156	0.547145998	0.301261372	0.457225891	Significant	Significant	4.180480153	2.809818421
254	P11914	MAS2	2444000	1315200	2609400	8058300	16194000	12143000	-2.520557126	-5.867725133	-4.610730306	0.004212443	0.000762815	0.006961353	0.001287473	4	6.937915156	0.547145998	0.27678645	0.448275402	Significant	Significant	3.117580947	2.37546599
257	P12686	MRP13	1191800	210230	957970	2854000	5056300	3194400	-2.528459126	-3.058923133	-3.644843195	0.037698109	0.003890519	0.023417254	0.003285512	4	6.937915156	0.547145998	1.024863453	0.721847465	Significant	Significant	2.409992408	1.423680434
258	P12687	MRP7	13658000	3184000	12851000	10388000	9809000	7158300	-0.128081898	-0.181384362	-0.19912953	0.864886183	0.845814719	0.242795073	0.216795324	4	6.937915156	0.547145998	0.747940565	0.620576653	Not Significant	Not Significant	0.072724761	0.063041041
259	P12695	LAT1	2955000	1015100	2326300	3600000	4090000	2627400	-0.823638819	-1.633750296	-1.446282997	0.177649534	0.176138279	0.071703415	0.061707404	4	6.937915156	0.547145998	0.381235658	0.48647252	Not Significant	Not Significant	0.754146253	0.750435928
266	P14063	MRPL31	3399000	2507900	4290400	4981900	3199200	6071300	-0.467903456	-1.323615485	-0.888918468	0.256211098	0.393176566	0.094288013	0.11710697	4	6.937915156	0.547145998	0.187447687	0.41560418	Not Significant	Not Significant	0.405412375	0.591402062
267	P14066	CBS1	34415	0	122340	341590	321270	661460	-2.518836015	-3.897272069	-4.064079009	0.017582003	0.001891744	0.015097453	0.002050924	4	6.937915156	0.547145998	0.626570001	0.576191388	Significant	Significant	2.723137716	1.754931639
270	P14540	FBA1	279130	0	97896	0	0	97918	-0.372651218	-0.410455888	-0.510525505	0.702505747	0.61982868	0.206475783	0.169138839	4	6.937915156	0.547145998	1.236412447	0.799211018	Not Significant	Not Significant	0.207728333	0.153350119
272	P14832	CPR1	66651	152800	290160	120030	152410	143600	0.056594424	0.090848989	0.092630236	0.931980165	0.927872164	0.254294602	0.231900734	4	6.937915156	0.547145998	0.582101004	0.559929058	Not Significant	Not Significant	0.032511854	0.03059333
274	P15179	MSD1	102280	190450	86992	360790	28582	135940	0.091194279	0.081453993	0.109804074	0.9389938	0.914553455	0.254621872	0.230005076	4	6.937915156	0.547145998	1.880189783	1.03464065	Not Significant	Not Significant	0.038790905	0.027337275
275	P15202	CTA1	236790	203740	325880	5688500	7264800	5631400	-4.617857018	-19.80896206	-9.212829221	3.83E-05	1.74E-06	0.000978086	2.32E-05	4	6.937915156	0.547145998	0.081517111	0.376865326	Significant	Significant	5.759822058	4.416638355
276	P15424	MSS116	6467500	2835200	7269800	5571800	9067400	4648500	-0.272341109	-0.528463547	-0.475171533	0.625139785	0.644011751	0.187801497	0.174550497	4	6.937915156	0.547145998	0.398370885	0.492738879	Not Significant	Not Significant	0.191106208	0.204022861
279	P16387	PDA1	1962700	1333800	1593400	3883600	6127600	3746800	-1.472628401	-5.269080118	-2.88842198	0.006216025	0.014825759	0.008444853	0.008376211	4	6.937915156	0.547145998	0.117167725	0.38990277	Not Significant	Not Significant	1.828983054	2.206487244
282	P16547	OM45	10174000	4292300	11485000	29970000	42187000	43580000	-2.259841035	-4.715376903	-4.024130453	0.009202992	0.002024568	0.009948737	0.002056005	4	6.937915156	0.547145998	0.344519824	0.473045524	Significant	Significant	2.69366767	2.036070945
287	P17505	MDH1	25462000	12680000	24526000	82917000	121790000	80594000	-2.227817227	-5.879324589	-4.181321515	0.00418217	0.001551881	0.006961353	0.001830917	4	6.937915156	0.547145998	0.215375104	0.425817248	Significant	Significant	2.809141536	2.378598282
288	P17558	PET123	8164200	4691900	9525000	13589000	19141000	17915000	-1.224951648	-3.54929141	-2.336193296	0.023813732	0.039558797	0.01752734	0.018032229	4	6.937915156	0.547145998	0.178667613	0.412393304	Not Significant	Not Significant	1.402756927	1.623172535
289	P18239	PET9	46343000	29089000	34529000	36754000	40130000	30694000	0.013364867	0.058923442	0.026719927	0.955839355	0.979164388	0.257594776	0.240229793	4	6.937915156	0.547145998	0.077169254	0.375275313	Not Significant	Not Significant	0.00914439	0.019615092
290	P18496	ATP10	1021400	276100	1373600	1193200	665060	1538900	-0.552173025	-0.693439765	-0.811276462	0.526195238	0.434505827	0.164404619	0.126300635	4	6.937915156	0.547145998	0.951095543	0.69487051	Not Significant	Not Significant	0.362004395	0.278853087
291	P18544	ARG8	73442	56197	228910	756580	1133300	725390	-3.120894881	-4.770904264	-5.011211101	0.008834216	0.000402349	0.009794368	0.000916314	4	6.937915156	0.547145998	0.641871565	0.581787176	Significant	Significant	3.395396547	2.053831985
292	P18900	COQ1	2952200	1180800	2346600	10064000	5785200	3457600	-1.540380902	-2.582404717	-2.562017919	0.06117197	0.026527589	0.03287005	0.013056572	4	6.937915156	0.547145998	0.533702082	0.542229553	Not Significant	Significant	1.576302221	1.213447532
294	P19262	KGD2	2944400	1503500	2674900	196210000	302890000	236590000	-6.726455561	-19.0570118	-12.78206904	4.47E-05	6.43E-08	0.000978086	1.72E-06	4	6.937915156	0.547145998	0.186876292	0.415395221	Significant	Significant	7.191524744	4.349998484
295	P19414	ACO1	29765000	15861000	34431000	71302000	110420000	88134000	-1.80525404	-4.646817509	-3.37231293	0.009684472	0.006274432	0.009979127	0.004576155	4	6.937915156	0.547145998	0.226389706	0.429845292	Significant	Significant	2.202425556	2.01392403
297	P19882	HSP60	19697000	6327400	14157000	25422000	29891000	26534000	-1.171484893	-2.383351668	-2.071809454	0.075712802	0.062719317	0.037465502	0.025803922	4	6.937915156	0.547145998	0.362400166	0.479584373	Not Significant	Not Significant	1.202598682	1.120830682
298	P19955	YMR31	8623800	4544100	8782800	839430000	983180000	883490000	-7.004882904	-21.90853621	-13.51209424	2.57E-05	3.62E-08	0.000978086	1.45E-06	4	6.937915156	0.547145998	0.153343826	0.403132385	Significant	Significant	7.440848947	4.590310309
300	P20084	MRPL33	1531300	350920	3471200	13275000	10375000	18292000	-3.466471595	-3.480745397	-4.497449715	0.025334823	0.00091781	0.017886384	0.00133878	4	6.937915156	0.547145998	1.487722858	0.891115336	Significant	Significant	3.0372471	1.596282134
301	P20967	KGD1	7492000	3915300	8052400	103400000	140730000	1.15E+08	-4.263491976	-11.99067597	-8.091932119	0.00027727	6.07E-06	0.002464415	4.06E-05	4	6.937915156	0.547145998	0.18964213	0.416406689	Significant	Significant	5.216564277	3.557097261
302	P21375	OSM1	0	26214	26566	18733	211400	0	-0.724736478	-0.608549618	-0.836829768	0.575686974	0.420595658	0.174996997	0.123600762	4	6.937915156	0.547145998	2.127450742	1.125064083	Not Significant	Not Significant	0.376135215	0.239813597
303	P21560	CBP3	272720000	171050000	217100000	714650	727800	728000	8.224277944	42.28514734	16.60865169	1.87E-06	4.18E-09	0.000163764	3.35E-07	4	6.937915156	0.547145998	0.056742847	0.367805367	Significant	Significant	8.378703188	5.728217672
304	P21592	COX10	541210	457590	846760	0	866470	0	1.854449758	1.503541441	2.089476365	0.207131503	0.060836607	0.08031473	0.025288711	4	6.937915156	0.547145998	2.281868416	1.181534689	Not Significant	Not Significant	1.215835015	0.683753844
305	P21771	MRPS28	4825500	2151900	4937400	7307900	13941000	12972000	-1.56266902	-3.175682866	-2.762784471	0.033674028	0.018551623	0.021847252	0.009856528	4	6.937915156	0.547145998	0.363204325	0.479878454	Significant	Significant	1.731618085	1.472704927
306	P21801	SDH2	2838600	1935200	3215300	13270000	30980000	14831000	-2.810430027	-6.350303939	-5.105675899	0.003150523	0.000347138	0.00646247	0.000870305	4	6.937915156	0.547145998	0.293797292	0.454496274	Significant	Significant	3.459497454	2.501617303
308	P21954	IDP1	11178000	3277600	13507000	21392000	30654000	22808000	-1.639201865	-2.483614334	-2.622565412	0.067947448	0.023818971	0.035214534	0.011943236	4	6.937915156	0.547145998	0.653413078	0.586007912	Not Significant	Significant	1.623077011	1.167826853
312	P22353	MRPL8	664550	244120	1750400	1628100	2503200	1191900	-1.365476459	-1.556648699	-1.906892446	0.194542196	0.08312774	0.07745093	0.032217708	4	6.937915156	0.547145998	1.154193084	0.769143363	Not Significant	Not Significant	1.080254026	0.710986185
313	P22354	MRPL20	6581600	1593500	6826200	9886300	10362000	9161400	-1.237503099	-1.785829487	-1.939824137	0.148671033	0.078614747	0.062007264	0.030765868	4	6.937915156	0.547145998	0.72028417	0.610462698	Not Significant	Not Significant	1.104495981	0.82777364
314	P23180	AIM17	1316900	768300	1274000	5187000	7088100	5306100	-2.413899486	-8.313568847	-4.714137267	0.001143484	0.000645289	0.004085243	0.001218598	4	6.937915156	0.547145998	0.126460422	0.393301113	Significant	Significant	3.190245934	2.941769965
316	P23369	MRPL25	2149500	1472100	2925100	15470000	23907000	19611000	-3.204663651	-9.449534198	-6.128576679	0.000699458	7.61E-05	0.003603695	0.000339255	4	6.937915156	0.547145998	0.172518378	0.410144526	Significant	Significant	4.118520586	3.155238533
319	P23641	MIR1	13857000	6456900	12432000	29244000	57286000	18075000	-1.588910653	-2.680671055	-2.648735584	0.055190085	0.022734455	0.031388882	0.011617265	4	6.937915156	0.547145998	0.526990957	0.539775291	Not Significant	Significant	1.643315456	1.258138936
320	P23644	TOM40	885750	635900	249030	492170	664900	591140	-0.154591642	-0.274817849	-0.262400895	0.797066653	0.797888739	0.225928836	0.207456173	4	6.937915156	0.547145998	0.474649913	0.520634151	Not Significant	Not Significant	0.098057664	0.09850536
323	P24720	MNE1	67170	0	40517	20606	0	33866	1.125746782	1.009091252	1.358679627	0.370015584	0.201607033	0.125613355	0.068826681	4	6.937915156	0.547145998	1.866860236	1.029766029	Not Significant	Not Significant	0.695494321	0.431779984
324	P25038	IFM1	314590	79447	414800	1584100	869360	501790	-2.01955853	-2.296968112	-2.816726938	0.083216178	0.016849286	0.040047175	0.009133533	4	6.937915156	0.547145998	1.159562643	0.771107013	Not Significant	Significant	1.773418491	1.079792235
326	P25270	MRM1	421350	225200	1360000	640460	826550	1061700	-0.707584709	-0.896912436	-1.044441163	0.420468004	0.318815067	0.137414849	0.09875477	4	6.937915156	0.547145998	0.933572492	0.688462323	Not Significant	Not Significant	0.496461163	0.376267046
329	P25348	MRPL32	7018400	1678800	6211400	6126200	6219100	10123000	-0.79925742	-1.138441409	-1.245770815	0.318492807	0.23887286	0.109825052	0.078540921	4	6.937915156	0.547145998	0.739338368	0.617430826	Not Significant	Not Significant	0.621833191	0.496900372
330	P25374	NFS1	497000	185140	359490	1331200	1436900	993240	-1.947957145	-4.332415173	-3.525460305	0.012326256	0.004792914	0.011485207	0.003697305	4	6.937915156	0.547145998	0.303242396	0.457950352	Significant	Significant	2.319400341	1.909168832
335	P25605	ILV6	8291500	0	3302900	1734600	3877400	4194800	-1.384845264	-0.61894616	-0.964378142	0.569460594	0.35569389	0.174394646	0.108916612	4	6.937915156	0.547145998	7.509102183	3.093136193	Not Significant	Not Significant	0.448923596	0.244536323
337	P25626	IMG1	7997200	2574000	14374000	21658000	24638000	19978000	-1.723694971	-2.349616206	-2.634184517	0.078548272	0.023331296	0.038434312	0.011846793	4	6.937915156	0.547145998	0.807268916	0.642273055	Not Significant	Significant	1.63206113	1.104863366
338	P25642	IMG2	3333300	1540700	4687800	2940000	6842100	6240000	-0.794117738	-1.297732475	-1.308516955	0.264157174	0.21752553	0.096507147	0.073325036	4	6.937915156	0.547145998	0.56168226	0.552461915	Not Significant	Not Significant	0.662489765	0.578137589
339	P25719	CPR3	11805000	3941000	10230000	3123900	3987900	4161900	1.066134107	2.077392656	1.862435057	0.106336253	0.089599966	0.047761972	0.034559187	4	6.937915156	0.547145998	0.395073363	0.491532974	Not Significant	Not Significant	1.047692155	0.973318646
345	P27929	NAM9	795150	286850	1356300	1554000	2060100	1124600	-1.180256377	-1.676005807	-1.837158725	0.16904532	0.093483034	0.068865261	0.035376588	4	6.937915156	0.547145998	0.743862958	0.61908547	Not Significant	Not Significant	1.029267202	0.771996848
346	P28239	PPA2	533810	139810	371680	519200	1416900	764760	-1.447369514	-2.024526517	-2.237922153	0.112914077	0.047001936	0.049893666	0.020605524	4	6.937915156	0.547145998	0.76666063	0.627422588	Not Significant	Not Significant	1.327884254	0.947251912
347	P28241	IDH2	36386000	17240000	39374000	47523000	89489000	58452000	-1.110400713	-2.387259573	-1.992765738	0.075391893	0.071833568	0.037465502	0.028959654	4	6.937915156	0.547145998	0.324527449	0.465734305	Not Significant	Not Significant	1.143672561	1.122675353
350	P28778	MRP17	274430	1124700	760980	1070300	2213100	5161200	-1.90060321	-2.127422793	-2.627471326	0.100498854	0.023611845	0.045507402	0.011913841	4	6.937915156	0.547145998	1.197199593	0.784870861	Not Significant	Significant	1.626870077	0.997838889
351	P28817	EHD3	72054	46866	74174	0	87164	0	-0.463407607	-1.495620824	-0.897702806	0.209079058	0.388676795	0.080671509	0.11708199	4	6.937915156	0.547145998	0.144004005	0.399716808	Not Significant	Not Significant	0.410411387	0.679689465
352	P28834	IDH1	40680000	15950000	41497000	49958000	68983000	48316000	-0.87619149	-1.811467428	-1.556391016	0.144300896	0.148057827	0.060472545	0.05374748	4	6.937915156	0.547145998	0.350936275	0.475392023	Not Significant	Not Significant	0.829568628	0.840730972
358	P30902	ATP7	3489800	2133100	3147800	7006200	8553000	6897000	-1.38019728	-5.794000505	-2.748757778	0.004411264	0.019021678	0.007049967	0.009974162	4	6.937915156	0.547145998	0.085117045	0.378181823	Not Significant	Not Significant	1.720751165	2.355436959
359	P31334	MRPL9	1484100	1143300	2293200	2367100	3476000	3007800	-0.889700958	-2.659578429	-1.705000669	0.05641515	0.116395303	0.031674273	0.043032317	4	6.937915156	0.547145998	0.167862533	0.408441881	Not Significant	Not Significant	0.934064543	1.248604256
360	P32191	GUT2	5942500	3993300	5122900	13474000	26446000	9828100	-1.616128091	-3.566080247	-2.919277087	0.023457906	0.014031599	0.017411763	0.008040779	4	6.937915156	0.547145998	0.308077934	0.45971871	Significant	Significant	1.852892824	1.629710761
361	P32316	ACH1	6615800	4416700	5209200	5231800	6724000	5130300	-0.081908005	-0.388619266	-0.164603041	0.71735663	0.872258912	0.209435051	0.221450845	4	6.937915156	0.547145998	0.06663391	0.371422533	Not Significant	Not Significant	0.059354585	0.144264883
362	P32317	AFG1	148850	90285	0	59645	0	0	0.605519825	1.180458259	1.057939889	0.303219765	0.312888055	0.105388317	0.097673077	4	6.937915156	0.547145998	0.394681457	0.491389654	Not Significant	Not Significant	0.504611017	0.518242493
365	P32332	OAC1	1001000	536230	859390	1173100	2589400	439810	-0.511381816	-0.649102264	-0.75534662	0.55165904	0.465995663	0.170360196	0.133043777	4	6.937915156	0.547145998	0.931012632	0.687526182	Not Significant	Not Significant	0.331618125	0.258329261
366	P32335	MSS51	1198200	714560	830710	3189800	6963000	3728100	-2.287734308	-5.59081791	-4.229279751	0.005021891	0.001431833	0.007417344	0.001796065	4	6.937915156	0.547145998	0.251160728	0.438904065	Significant	Significant	2.844107685	2.299132733
367	P32340	NDI1	5380200	3947300	4766900	9133300	14781000	6925900	-1.069077472	-3.099100186	-2.039065941	0.03625273	0.066354624	0.022680268	0.026885927	4	6.937915156	0.547145998	0.178500067	0.412332032	Not Significant	Not Significant	1.178128806	1.440659289
368	P32387	MRP20	2861000	1263400	3228600	3703900	5899900	5817500	-1.148465089	-2.397917486	-2.04543623	0.07452449	0.065632209	0.037465502	0.026728206	4	6.937915156	0.547145998	0.344079173	0.472884378	Not Significant	Not Significant	1.182882981	1.127700986
369	P32388	MRP49	205300	18638	556150	676930	813420	404940	-2.237062881	-1.506657368	-2.196168527	0.206370406	0.050555865	0.08031473	0.022043103	4	6.937915156	0.547145998	3.306881578	1.556382417	Not Significant	Not Significant	1.296228451	0.685352582
370	P32445	RIM1	2347000	2079000	1201000	808860	838460	620310	1.266702225	3.868500192	2.435160058	0.018016447	0.033220144	0.015172995	0.015547381	4	6.937915156	0.547145998	0.160825563	0.405868459	Not Significant	Not Significant	1.478598484	1.744330856
371	P32451	BIO2	61856	41181	0	366280	248230	129030	-1.894680154	-3.472441207	-3.248182065	0.025526841	0.007814826	0.017886384	0.005293835	4	6.937915156	0.547145998	0.44657383	0.510366715	Significant	Significant	2.107080665	1.593002929
372	P32453	ATP11	73953	0	72942	401500	398960	337420	-1.949486033	-4.613174144	-3.579132286	0.009931913	0.004363174	0.010115095	0.003535789	4	6.937915156	0.547145998	0.267874774	0.445016398	Significant	Significant	2.360197512	2.002967074
374	P32473	PDB1	3721600	2583200	4392000	11138000	15316000	10581000	-1.805943209	-6.424673818	-3.539940848	0.003017639	0.004672851	0.00646247	0.003697305	4	6.937915156	0.547145998	0.118521536	0.390397859	Significant	Significant	2.330418028	2.520332684
380	P32606	PET127	0	262000	28446	77490	140060	105230	-0.274466097	-0.286794462	-0.364723212	0.788512094	0.722271588	0.225695259	0.19187244	4	6.937915156	0.547145998	1.37381151	0.849457911	Not Significant	Not Significant	0.141299469	0.103191641
381	P32611	RML2	1479700	456760	1324500	2240600	3063900	2239500	-1.367390074	-2.436613645	-2.322824271	0.071468973	0.040500153	0.036393565	0.018151923	4	6.937915156	0.547145998	0.472392247	0.519808521	Not Significant	Not Significant	1.392543341	1.14588246
383	P32787	MGM101	4478000	1877700	4459700	9608600	9116600	9623600	-1.496877008	-3.583014606	-2.755058489	0.023105392	0.018809084	0.01730419	0.009927572	4	6.937915156	0.547145998	0.261798008	0.442794123	Not Significant	Not Significant	1.725632359	1.636286653
384	P32795	YME1	387790	185040	1365500	25554	273370	0	2.400876254	1.848658268	2.606908192	0.138204198	0.024492079	0.058477176	0.012204466	4	6.937915156	0.547145998	2.529982612	1.272270151	Not Significant	Significant	1.610974342	0.859478766
385	P32796	CAT2	295450	218450	406890	1257700	2454200	971340	-2.278339098	-4.794053672	-4.06609608	0.008685791	0.001885283	0.009753271	0.002050924	4	6.937915156	0.547145998	0.338783462	0.470947734	Significant	Significant	2.724623509	2.061190603
386	P32799	COX13	2006300	839130	1341800	1051900	1313000	1191700	0.152262554	0.406037653	0.286323556	0.705497931	0.779980711	0.20666173	0.205164886	4	6.937915156	0.547145998	0.210933162	0.424192828	Not Significant	Not Significant	0.107916137	0.151504256
387	P32860	NFU1	516880	26297	318470	1945500	1591400	1935400	-3.47829885	-2.606205746	-3.702076425	0.059657428	0.003521938	0.032254106	0.003174758	4	6.937915156	0.547145998	2.671822787	1.32414116	Not Significant	Significant	2.453218327	1.224335475
388	P32874	HFA1	10557000	8130600	9172300	20368000	30785000	23951000	-1.417876231	-6.926446499	-2.854690646	0.00228059	0.015745585	0.005707089	0.008644609	4	6.937915156	0.547145998	0.062856028	0.37004096	Not Significant	Not Significant	1.80284121	2.641952819
389	P32891	DLD1	546870	366810	546540	1306700	2112400	1061500	-1.580047227	-4.500541836	-3.005148576	0.010818061	0.012039188	0.010724118	0.007049408	4	6.937915156	0.547145998	0.184885047	0.414667022	Significant	Significant	1.919402798	1.965850572
390	P32898	CYM1	153870	47474	292750	544170	986070	543590	-2.363891913	-2.883089838	-3.421920935	0.044873442	0.005749069	0.026736685	0.004270638	4	6.937915156	0.547145998	1.008393734	0.715824482	Significant	Significant	2.240402504	1.348010618
391	P32902	MRP4	574920	365640	292110	1157900	1297600	1016600	-1.545531978	-5.0714686	-3.000420587	0.007123095	0.012141084	0.008868405	0.007049408	4	6.937915156	0.547145998	0.13930919	0.397999913	Significant	Significant	1.915742541	2.147331262
392	P32904	MRPL6	3392900	1106600	3450700	2155100	5358400	3560600	-0.555378558	-0.838083942	-0.887087278	0.449142029	0.394119115	0.144627306	0.11710697	4	6.937915156	0.547145998	0.658710275	0.587945099	Not Significant	Not Significant	0.404372501	0.347616303
395	P33303	SFC1	6803900	3535400	7392200	14940000	22014000	9408800	-1.373743067	-2.810516965	-2.433252784	0.048291523	0.033332406	0.028387042	0.015547381	4	6.937915156	0.547145998	0.358368529	0.478110001	Not Significant	Not Significant	1.477133332	1.316129093
397	P33416	HSP78	117540	146860	282060	520190	512390	417780	-1.505143007	-3.835596801	-2.806210835	0.018529158	0.017168461	0.015310357	0.009182461	4	6.937915156	0.547145998	0.230983466	0.431525232	Significant	Significant	1.765268639	1.732144326
398	P33421	SDH3	831380	341150	0	1029100	1836400	800370	-1.951619198	-1.976274645	-2.545104361	0.119309198	0.027336934	0.051989229	0.013211761	4	6.937915156	0.547145998	1.462806308	0.882003344	Not Significant	Significant	1.563250201	0.923326072
399	P33759	MRPS5	503430	335160	535600	2548300	4658500	2451600	-2.777037129	-7.560931621	-5.241533503	0.001639942	0.000281371	0.004633426	0.000751213	4	6.937915156	0.547145998	0.202350374	0.421054099	Significant	Significant	3.550720951	2.785171562
401	P34227	PRX1	2922900	1619600	2681400	14763000	16426000	14151000	-2.692876982	-9.855950679	-5.294730202	0.000594462	0.00025934	0.003471112	0.000717449	4	6.937915156	0.547145998	0.111976592	0.38800437	Significant	Significant	3.586130056	3.225875587
404	P35180	TOM20	320970	0	195270	172970	0	527440	0.141379375	0.113945633	0.158626936	0.91477115	0.876853663	0.25195376	0.221915107	4	6.937915156	0.547145998	2.309234324	1.191542412	Not Significant	Not Significant	0.057072879	0.03868754
405	P35191	MDJ1	429410	170860	367270	1488100	4247900	2445400	-3.054688168	-5.092862924	-5.070532765	0.007017427	0.000366678	0.008868405	0.000891437	4	6.937915156	0.547145998	0.539636169	0.544399651	Significant	Significant	3.435714644	2.153822066
406	P35996	MRPL38	652750	117960	519220	1909200	3613800	4446300	-3.194566749	-3.730899224	-4.520126215	0.020280993	0.000884323	0.015966358	0.001322744	4	6.937915156	0.547145998	1.099735277	0.749228121	Significant	Significant	3.05338892	1.692910785
408	P36013	MAE1	34681	50741	0	1800100	441630	833710	-4.127986759	-6.289111889	-6.619227982	0.003265294	3.87E-05	0.00646247	0.000193972	4	6.937915156	0.547145998	0.646233113	0.583382196	Significant	Significant	4.41246028	2.486077766
410	P36056	RSM22	271380	132080	421060	240090	1639200	660050	-1.368439453	-1.460152759	-1.840902404	0.218030148	0.092898355	0.083027931	0.035321942	4	6.937915156	0.547145998	1.317485505	0.828859468	Not Significant	Not Significant	1.031991976	0.66148345
411	P36060	MCR1	4524700	2360100	7059000	6796800	14451000	8496200	-1.156212291	-2.060646366	-1.964198247	0.108373069	0.075421956	0.048428476	0.03004618	4	6.937915156	0.547145998	0.47223643	0.519751539	Not Significant	Not Significant	1.122502207	0.965078629
412	P36101	TCD2	0	118390	56613	20706	271040	304500	-0.549500854	-0.421889648	-0.595401553	0.694792711	0.563691077	0.204896391	0.157024595	4	6.937915156	0.547145998	2.544662936	1.277638751	Not Significant	Not Significant	0.24895884	0.158144746
414	P36141	FMP46	5639100	3469100	5626100	16803000	18718000	14059000	-1.77608728	-6.770152778	-3.506616968	0.002483644	0.004953913	0.006042579	0.003785107	4	6.937915156	0.547145998	0.103234041	0.384807216	Significant	Significant	2.305051583	2.604910661
416	P36151	YKR070W	0	0	466340	0	2413900	820880	-1.931419135	-1.266056188	-1.85640115	0.274206535	0.090513246	0.09883415	0.034578954	4	6.937915156	0.547145998	3.490907638	1.623680822	Not Significant	Not Significant	1.043287859	0.5619222
417	P36516	MRPL3	584240	754890	6677700	5722400	7984200	5441400	-2.133141143	-1.890244994	-2.554901076	0.131713282	0.026865232	0.056274444	0.013062481	4	6.937915156	0.547145998	1.910267779	1.045640185	Not Significant	Significant	1.570809398	0.880370428
418	P36519	MRPL7	2553000	2221900	3780100	5993400	8547100	4411900	-1.13259931	-3.157342783	-2.146446233	0.034271372	0.055122812	0.022071309	0.02352299	4	6.937915156	0.547145998	0.19301914	0.417641663	Not Significant	Not Significant	1.258668636	1.465068505
419	P36520	MRPL10	838160	109460	1858200	554590	1706600	1470300	-1.009683327	-0.765812486	-1.084322981	0.486479933	0.301543747	0.154380112	0.095620017	4	6.937915156	0.547145998	2.607454524	1.30060166	Not Significant	Not Significant	0.520649673	0.312935069
420	P36521	MRPL11	258560	64520	289860	1060700	1235400	943600	-2.666117604	-3.778000823	-4.146163929	0.019469385	0.001646536	0.015723457	0.00186051	4	6.937915156	0.547145998	0.747008885	0.620235937	Significant	Significant	2.783428715	1.710647759
421	P36523	MRPL15	1766600	373550	2054700	1347000	1279400	1237200	-0.217673176	-0.276636153	-0.321714978	0.795765628	0.753733062	0.225928836	0.199569398	4	6.937915156	0.547145998	0.928716609	0.686686525	Not Significant	Not Significant	0.122782434	0.099214824
422	P36525	MRPL24	6714700	2573100	10281000	8094100	9507200	11765000	-0.783193812	-1.28125035	-1.291029844	0.269341034	0.223312153	0.097615643	0.07453385	4	6.937915156	0.547145998	0.560482116	0.552023022	Not Significant	Not Significant	0.651087641	0.569697476
423	P36526	MRPL27	1759300	708860	2379700	3350000	4344400	3968800	-1.427555682	-2.661139914	-2.460540436	0.056323392	0.031760893	0.031674273	0.01516699	4	6.937915156	0.547145998	0.431660148	0.504912776	Not Significant	Not Significant	1.498107302	1.249311201
424	P36527	MRPL28	2745700	340720	2383500	7771800	11054000	11369000	-2.924954892	-2.96289308	-3.81520054	0.041435289	0.002895771	0.025028676	0.002701374	4	6.937915156	0.547145998	1.461832609	0.881647262	Significant	Significant	2.538235813	1.382629629
425	P36528	MRPL17	1111800	349350	1247400	803620	1910100	873900	-0.489735718	-0.691212039	-0.760262979	0.527454291	0.463170641	0.164404619	0.133043777	4	6.937915156	0.547145998	0.752995242	0.62242515	Not Significant	Not Significant	0.334258977	0.27781517
426	P36531	MRPL36	3986300	1071100	5063900	4119400	15453000	16370000	-1.863613099	-1.95575399	-2.482780233	0.12214802	0.030533787	0.052701855	0.014668416	4	6.937915156	0.547145998	1.361991251	0.845135237	Not Significant	Significant	1.515219334	0.913113567
427	P36533	MRPL39	6627400	5129300	5244300	18994000	34635000	18358000	-2.027337481	-6.334031649	-3.910065433	0.003180552	0.002459943	0.00646247	0.002377749	4	6.937915156	0.547145998	0.153667809	0.403250865	Significant	Significant	2.609074868	2.497497465
428	P36534	MRPL40	2376700	1271500	1932500	4917400	5821700	6571900	-1.669895684	-5.721754837	-3.259186142	0.004617375	0.007663909	0.007118105	0.005293835	4	6.937915156	0.547145998	0.127764869	0.393778149	Significant	Significant	2.115549644	2.335604892
430	P37292	SHM1	2666600	1428100	2941300	3143100	4698800	2415200	-0.557023607	-1.296809456	-1.018951243	0.264444911	0.330235126	0.096507147	0.101898767	4	6.937915156	0.547145998	0.276749041	0.448261721	Not Significant	Not Significant	0.481176734	0.577664786
431	P37293	NAT2	1453400	934580	1273700	37533	0	276720	3.526374914	4.130393929	4.997390503	0.014489257	0.000411176	0.012949576	0.000916314	4	6.937915156	0.547145998	1.09336528	0.746898611	Significant	Significant	3.385972233	1.838953892
432	P37298	SDH4	2212300	780770	962620	2443100	5160200	2046300	-1.318534234	-2.145249122	-2.169063573	0.098505432	0.052998764	0.045171271	0.022737522	4	6.937915156	0.547145998	0.566654855	0.554280395	Not Significant	Not Significant	1.275734262	1.006539822
433	P37299	QCR10	582100	0	622830	2629600	2697400	2937700	-3.093364151	-3.426194603	-4.251185791	0.026628381	0.001380266	0.018364392	0.001796065	4	6.937915156	0.547145998	1.222726436	0.794206038	Significant	Significant	2.860037176	1.57465523
435	P38064	MRPL16	3253900	1862400	2841300	2073700	1863700	1432900	0.54552309	1.883743299	1.065687689	0.132706003	0.309523764	0.056423348	0.097000292	4	6.937915156	0.547145998	0.125798103	0.393058903	Not Significant	Not Significant	0.509306002	0.87710943
436	P38071	ETR1	5600600	3643600	5798500	21250000	32685000	34515000	-2.554157862	-8.267008083	-4.949717623	0.001168257	0.000443227	0.004085243	0.000961044	4	6.937915156	0.547145998	0.143182521	0.399416391	Significant	Significant	3.35337383	2.932461652
437	P38077	ATP3	9084000	3678700	9328000	14209000	22447000	16249000	-1.351790455	-2.800410698	-2.402517196	0.048791121	0.035193251	0.028489514	0.016133937	4	6.937915156	0.547145998	0.349515592	0.474872479	Not Significant	Not Significant	1.453540612	1.311659199
440	P38088	GRS1	51022	0	43659	31234	55539	98195	0.192895792	0.300385233	0.312027015	0.778848156	0.760887414	0.224395796	0.200800979	4	6.937915156	0.547145998	0.618556835	0.57326097	Not Significant	Not Significant	0.1186796	0.108547204
442	P38120	MRPS9	3590800	787850	5461900	4325500	3540200	5049200	-0.774350505	-0.899026874	-1.092181396	0.419466004	0.298225829	0.137414849	0.094943169	4	6.937915156	0.547145998	1.11281016	0.754009611	Not Significant	Not Significant	0.525454745	0.377303231
443	P38127	RIM2	477300	208350	405050	310290	542490	175560	0.148942507	0.250175821	0.247896998	0.814775162	0.808806287	0.230203325	0.209315714	4	6.937915156	0.547145998	0.531664806	0.54148452	Not Significant	Not Significant	0.092155481	0.088962218
447	P38175	MRP21	5172400	1976800	5974700	4478400	5051000	6353400	-0.411404749	-0.787756446	-0.714960022	0.474896692	0.489613021	0.151252289	0.138798743	4	6.937915156	0.547145998	0.409115495	0.496668187	Not Significant	Not Significant	0.310147041	0.323400855
451	P38300	MBA1	547320	353520	637270	0	95158	0	1.888152295	5.282985266	3.580550662	0.00615767	0.00435237	0.008444853	0.003535789	4	6.937915156	0.547145998	0.191604852	0.417124457	Significant	Significant	2.361274151	2.210583563
452	P38323	MCX1	381060	241950	463750	0	0	85838	1.813332533	3.836108157	3.240760737	0.018521057	0.007918313	0.015310357	0.005293835	4	6.937915156	0.547145998	0.33516949	0.469626103	Significant	Significant	2.101367357	1.73233424
457	P38705	DIA4	65738	0	0	97937	170210	109510	-1.457507154	-3.496562103	-2.68388778	0.024973819	0.021354213	0.017882433	0.010981913	4	6.937915156	0.547145998	0.260633452	0.442368244	Not Significant	Not Significant	1.670516428	1.602515032
458	P38714	MSR1	11265	43920	0	51910	240860	160390	-2.132649884	-2.251714789	-2.851355434	0.087478897	0.01583958	0.041640983	0.008644609	4	6.937915156	0.547145998	1.345561726	0.839126953	Not Significant	Significant	1.800256328	1.058096703
459	P38744	YHL018W	409050	89542	291730	2241200	892490	3878300	-3.167946865	-3.490438223	-4.340811423	0.025112862	0.00118869	0.017882433	0.001640565	4	6.937915156	0.547145998	1.235626246	0.798923504	Significant	Significant	2.924931493	1.600103795
460	P38746	YLF2	426740	139260	1039200	43967	0	86475	2.999642688	3.188650034	4.02645253	0.033259076	0.002016588	0.021799164	0.002056005	4	6.937915156	0.547145998	1.327445186	0.832501727	Significant	Significant	2.695382926	1.478089825
461	P38771	RRF1	3191100	866780	1173000	2670700	1346800	4301300	-0.751177236	-1.004527416	-1.137799278	0.37196163	0.27951411	0.125684359	0.090354666	4	6.937915156	0.547145998	0.838788577	0.653799807	Not Significant	Not Significant	0.553596264	0.429501857
462	P38783	FYV4	3534200	2211900	3674100	6433400	9161400	7397500	-1.308042174	-4.703544653	-2.566999282	0.009283976	0.026293744	0.009948737	0.013021363	4	6.937915156	0.547145998	0.116007004	0.389478293	Not Significant	Not Significant	1.580147562	2.032265996
463	P38797	PTC7	88275	44189	90168	190030	711050	908740	-2.815840784	-3.618084565	-4.184262498	0.022395231	0.001544225	0.017056629	0.001830917	4	6.937915156	0.547145998	0.908552489	0.679312498	Significant	Significant	2.811289414	1.649844456
464	P38825	TOM71	0	45712	0	48022	81038	203080	-0.372147379	-0.530643009	-0.580322323	0.6237599	0.57345824	0.187801497	0.158643692	4	6.937915156	0.547145998	0.73776202	0.616854354	Not Significant	Not Significant	0.241498202	0.204982549
465	P38891	BAT1	2647100	3434000	4049600	13273000	12510000	8282900	-1.741162097	-6.248275404	-3.416228389	0.003344753	0.005806994	0.00646247	0.004274092	4	6.937915156	0.547145998	0.116479458	0.38965107	Significant	Significant	2.236048627	2.47563594
466	P38910	HSP10	9417100	1317600	7513200	4044700	5298200	3985100	0.042157295	0.046514729	0.05781144	0.965129669	0.954941447	0.259300629	0.235728662	4	6.937915156	0.547145998	1.232127761	0.797644106	Not Significant	Not Significant	0.020023257	0.015414333
467	P38988	GGC1	6842700	6138400	10369000	14788000	13382000	12187000	-0.823071598	-3.371039239	-1.635803286	0.028016753	0.130302898	0.018875999	0.047517152	4	6.937915156	0.547145998	0.089420867	0.379755732	Not Significant	Not Significant	0.885045924	1.552582201
474	P39522	ILV3	1964500	1428000	1830800	11070000	18146000	13302000	-3.007700634	-12.00471974	-5.964029367	0.000276004	9.62E-05	0.002464415	0.000367542	4	6.937915156	0.547145998	0.094157826	0.38148804	Significant	Significant	4.016792188	3.559084828
475	P39533	ACO2	145620	137740	369860	356100	457240	430930	-1.080517404	-2.275494443	-1.928792695	0.08520913	0.080100603	0.04078219	0.031195186	4	6.937915156	0.547145998	0.338223075	0.470742801	Not Significant	Not Significant	1.096364215	1.069513869
476	P39676	YHB1	4825100	2278400	3962600	14030000	18904000	13605000	-2.124033516	-5.939025937	-4.027408423	0.004030517	0.002013312	0.006961353	0.002056005	4	6.937915156	0.547145998	0.191859605	0.41721762	Significant	Significant	2.696088938	2.394639282
478	P39726	GCV3	7151700	5674200	3217400	18590000	19313000	12233000	-1.690687686	-4.204151028	-3.136762586	0.01365017	0.009524161	0.012325423	0.006112737	4	6.937915156	0.547145998	0.242583591	0.435767403	Significant	Significant	2.021173266	1.864861943
479	P39925	AFG3	34023	0	0	43626	85546	49791	0.100747724	0.161703675	0.164888691	0.879378403	0.872039411	0.244104037	0.221450845	4	6.937915156	0.547145998	0.582266716	0.559989659	Not Significant	Not Significant	0.059463887	0.055824205
482	P39952	OXA1	6591100	1948300	5428700	5853400	9080700	8090600	-0.874994407	-1.515183284	-1.472032034	0.204302375	0.16919218	0.08031473	0.05979618	4	6.937915156	0.547145998	0.500232002	0.529989531	Not Significant	Not Significant	0.771619715	0.689726584
485	P40008	FMP52	176600	164270	44899	430530	652430	244240	-1.906308932	-2.501420953	-2.861661939	0.066665246	0.015550912	0.034975908	0.008604128	4	6.937915156	0.547145998	0.8711727	0.665642694	Not Significant	Significant	1.808244128	1.176100515
487	P40035	PIC2	628870	277210	582860	1838800	2125200	638840	-1.539594505	-2.318810459	-2.457192834	0.081242643	0.031949722	0.039313433	0.01516699	4	6.937915156	0.547145998	0.661261842	0.588878208	Not Significant	Significant	1.495532911	1.090215957
488	P40053	AIM9	1310900	552120	1401000	5636300	7014800	6003100	-2.623596572	-5.92560262	-4.765774328	0.004064019	0.000593894	0.006961353	0.001218598	4	6.937915156	0.547145998	0.294049416	0.454588476	Significant	Significant	3.226290858	2.391044316
489	P40086	COX15	12828000	8008300	9757800	2697700	2344400	1383600	2.279966902	6.453281329	4.331864383	0.002968365	0.001206497	0.00646247	0.001640565	4	6.937915156	0.547145998	0.187235048	0.415526418	Significant	Significant	2.918473628	2.527482638
491	P40098	FMP10	69916	0	72330	153760	709940	364110	-2.380639891	-3.663846457	-3.832935135	0.021507312	0.002808592	0.016524061	0.00268243	4	6.937915156	0.547145998	0.633292204	0.578649701	Significant	Significant	2.5515113	1.667413866
492	P40099	FAU1	113980	99018	0	4754300	4473000	1895100	-5.601961874	-7.660701282	-8.573626996	0.001560576	3.49E-06	0.004556162	3.50E-05	4	6.937915156	0.547145998	0.802111052	0.640386822	Significant	Significant	5.45665867	2.806715088
493	P40185	MMF1	10015000	4885000	5794100	2320400	1311000	2280600	1.784193007	4.317581262	3.291560746	0.012471179	0.007236893	0.011497923	0.005092913	4	6.937915156	0.547145998	0.256149719	0.440728541	Significant	Significant	2.140447869	1.904092492
495	P40215	NDE1	17250000	10340000	13786000	1828200	2525100	916080	3.061170275	6.358019912	5.444350283	0.003136406	0.00020664	0.00646247	0.000633433	4	6.937915156	0.547145998	0.347714232	0.474213721	Significant	Significant	3.684784581	2.503567704
496	P40341	YTA12	284600	89092	306370	92716	162940	94736	0.813454261	1.280084558	1.321254573	0.269711385	0.213388447	0.097615643	0.072233984	4	6.937915156	0.547145998	0.605731583	0.56857077	Not Significant	Not Significant	0.670829098	0.56910072
498	P40364	MPM1	7091900	145380	0	528410	1342800	440170	-0.353707698	-0.182793551	-0.279573609	0.863850879	0.785020611	0.242795073	0.205815767	4	6.937915156	0.547145998	5.616406603	2.400976653	Not Significant	Not Significant	0.105118941	0.06356122
500	P40452	COA1	5840900	3675100	2847700	147820	0	0	5.19063741	12.21208377	9.517505757	0.000258121	1.26E-06	0.002464415	2.03E-05	4	6.937915156	0.547145998	0.270989894	0.446155599	Significant	Significant	5.898538035	3.588176566
501	P40471	AYR1	131050	71507	130010	219740	435030	45652	-0.613588682	-0.610274727	-0.791445691	0.574650686	0.445507763	0.174996997	0.129031135	4	6.937915156	0.547145998	1.51633503	0.90157882	Not Significant	Not Significant	0.351144724	0.240596071
502	P40495	LYS12	2724600	1306800	1458600	8601900	11551000	9031700	-2.477643891	-6.972000695	-4.702899231	0.002225296	0.000657083	0.005707089	0.001218598	4	6.937915156	0.547145998	0.189432368	0.416329979	Significant	Significant	3.182379964	2.652612227
507	P40530	PKP1	201710	0	0	343370	895700	248150	-2.390327591	-2.47444398	-3.158788949	0.068618733	0.009158471	0.035353244	0.005925436	4	6.937915156	0.547145998	1.399751224	0.858944075	Not Significant	Significant	2.038177029	1.163557308
508	P40858	MRPL49	6375100	2894900	10122000	9940500	14549000	19579000	-1.307339242	-2.184781053	-2.171930072	0.094239699	0.052735191	0.043904754	0.022737522	4	6.937915156	0.547145998	0.537096117	0.543470752	Not Significant	Not Significant	1.277899479	1.02576611
509	P40961	PHB1	814950	315520	682160	1629000	2264500	1338700	-1.605080984	-3.380285976	-2.865193882	0.027778112	0.015453204	0.018875999	0.008604128	4	6.937915156	0.547145998	0.338203635	0.470735691	Significant	Significant	1.810981448	1.556297283
510	P40990	MSS2	135870	186680	250500	200490	249790	167760	-0.134346616	-0.441652648	-0.260875264	0.681566067	0.799035053	0.201674855	0.207456173	4	6.937915156	0.547145998	0.138797947	0.397812951	Not Significant	Not Significant	0.097434168	0.16649204
513	P41903	TES1	22437000	29681000	43344000	26121000	1772500	1457700	2.913472794	2.124789007	3.039260363	0.100797153	0.01132913	0.045507402	0.00696767	4	6.937915156	0.547145998	2.820210801	1.378406717	Not Significant	Significant	1.945803435	0.996551735
514	P42847	MRPS18	2596100	749790	3034900	3111400	3810800	2546300	-0.784502251	-1.188892188	-1.255241972	0.300237383	0.235546036	0.10516288	0.077765781	4	6.937915156	0.547145998	0.653122582	0.585901678	Not Significant	Not Significant	0.6279242	0.522535234
515	P42900	SLS1	311110	90928	426580	739390	1200000	625940	-1.841428262	-2.501096661	-2.809452886	0.066688349	0.017069423	0.034975908	0.009182461	4	6.937915156	0.547145998	0.813092424	0.644402714	Not Significant	Significant	1.767781159	1.175950035
516	P42940	CIR1	3009300	1542700	1771100	2518500	7177700	5615900	-1.208690819	-2.227340823	-2.075754689	0.089875974	0.062294181	0.042550766	0.025761121	4	6.937915156	0.547145998	0.44172131	0.508592147	Not Significant	Not Significant	1.205552519	1.046356392
521	P43635	CIT3	699520	269590	509810	904570	1390300	473170	-0.876607704	-1.445272677	-1.449175907	0.22189962	0.17534596	0.084135656	0.061699256	4	6.937915156	0.547145998	0.551826104	0.548857515	Not Significant	Not Significant	0.756104236	0.653843442
522	P46367	ALD4	46274000	16744000	37213000	120240000	191970000	143630000	-2.281762152	-4.682836366	-4.045045984	0.009427804	0.001953856	0.009948737	0.002056005	4	6.937915156	0.547145998	0.356134493	0.477293013	Significant	Significant	2.709107377	2.025589472
526	P46681	DLD2	312330	239750	200200	84955	480210	499980	-0.148087553	-0.171559857	-0.208626273	0.872113041	0.838574231	0.243264445	0.215628384	4	6.937915156	0.547145998	1.117627346	0.755771258	Not Significant	Not Significant	0.076458487	0.059427219
529	P47015	AIM23	1936100	609110	2007600	3639700	5925800	4767200	-1.813523871	-3.019841434	-3.008958324	0.039169344	0.011957709	0.023990857	0.007049408	4	6.937915156	0.547145998	0.540965455	0.544885771	Significant	Significant	1.922352004	1.407053702
530	P47039	BNA3	1267200	1313700	1757000	4871800	4980500	4948500	-1.786447494	-11.9457335	-3.650007241	0.00028137	0.003855687	0.002464415	0.003285512	4	6.937915156	0.547145998	0.033546416	0.359322423	Significant	Significant	2.413898237	3.550721734
533	P47140	AIM25	1511200	776460	1717900	1100300	1435400	1187300	0.034763302	0.093208299	0.065435332	0.930220015	0.949008053	0.254294602	0.234987033	4	6.937915156	0.547145998	0.208652754	0.423358882	Not Significant	Not Significant	0.022730102	0.03141432
535	P47150	RSM7	590430	350920	240810	1969300	2732200	1842400	-2.544771032	-6.143733665	-4.69237401	0.003559267	0.000668335	0.006632819	0.001218598	4	6.937915156	0.547145998	0.257349852	0.44116743	Significant	Significant	3.175006023	2.44863947
536	P48015	GCV1	249710	123590	399900	1685700	1421000	1155300	-2.602950427	-5.036347994	-4.53766248	0.007300797	0.000859308	0.008868405	0.001322744	4	6.937915156	0.547145998	0.400674397	0.493581274	Significant	Significant	3.065851045	2.136629708
537	P48360	ARH1	17088	11625	21621	189350	254910	27026	-2.748866688	-2.622283598	-3.4544067	0.0586587	0.005429648	0.032110566	0.004109461	4	6.937915156	0.547145998	1.648311538	0.949842682	Not Significant	Significant	2.265228298	1.231667563
538	P48525	MSE1	171420	31663	164290	314980	371730	125750	-1.348474593	-1.437451425	-1.813019064	0.223961066	0.097334563	0.084188372	0.03648987	4	6.937915156	0.547145998	1.320050178	0.82979737	Not Significant	Not Significant	1.011732915	0.649827474
540	P48564	YNL295W	35807	6015.7	16839	97186	127070	197610	-3.131343823	-3.897943945	-4.580359303	0.01757201	0.000801461	0.015097453	0.001287473	4	6.937915156	0.547145998	0.968013897	0.701057559	Significant	Significant	3.096117596	1.75517857
541	P48569	YDL183C	996060	561450	789260	213910	367420	44027	2.331665432	2.456452125	3.113432171	0.069957835	0.009927664	0.035832388	0.006286359	4	6.937915156	0.547145998	1.351472207	0.841288418	Not Significant	Significant	2.00315291	1.155163637
543	P49017	COQ5	540190	486240	1275000	1298800	1771600	1218800	-1.021972342	-2.169985863	-1.828210734	0.095811637	0.094894166	0.04416723	0.035742006	4	6.937915156	0.547145998	0.332702248	0.468723832	Not Significant	Not Significant	1.022760485	1.018581738
544	P49095	GCV2	41068	113070	32605	601840	1171100	426730	-3.652009327	-5.236750178	-5.70888258	0.006354334	0.000139367	0.008444853	0.000486128	4	6.937915156	0.547145998	0.72951009	0.61383662	Significant	Significant	3.855840594	2.196929962
547	P49367	LYS4	156340	269070	126850	724780	1776600	2049900	-2.983426585	-5.234622931	-5.041750787	0.006363566	0.000383548	0.008444853	0.000905024	4	6.937915156	0.547145998	0.487249232	0.525241727	Significant	Significant	3.41617998	2.196299477
550	P50085	PHB2	3289700	1961000	3585400	2845500	5700400	3882400	-0.481671487	-1.211971275	-0.895783528	0.292216294	0.389656877	0.103619855	0.11708199	4	6.937915156	0.547145998	0.236923687	0.433697574	Not Significant	Not Significant	0.409317654	0.534295572
553	P51998	YML6	5226800	4634900	6755100	7391400	11648000	8444900	-0.717165016	-2.843421137	-1.421220083	0.046705589	0.18313077	0.027640293	0.063601645	4	6.937915156	0.547145998	0.095421684	0.381950234	Not Significant	Not Significant	0.737238678	1.330631151
554	P52893	ALT1	31767	0	47476	770010	680540	699490	-3.793908394	-8.505307353	-6.879459141	0.001048073	2.74E-05	0.004085243	0.000146355	4	6.937915156	0.547145998	0.298459162	0.456201122	Significant	Significant	4.562821345	2.979608533
556	P53140	RMD9	294960	102010	249730	126900	472780	94125	0.137362703	0.15991693	0.194029497	0.880697046	0.849709271	0.244104037	0.217099947	4	6.937915156	0.547145998	1.106725787	0.751784553	Not Significant	Not Significant	0.070729643	0.05517346
557	P53163	MNP1	1030400	629250	616890	812040	595920	507480	0.234586246	0.748552469	0.453748129	0.495741224	0.658880715	0.156751162	0.176788747	4	6.937915156	0.547145998	0.147316657	0.400928246	Not Significant	Not Significant	0.181193204	0.304744966
561	P53212	YGR021W	0	0	180050	0	195400	0	0.841697146	0.626575534	0.891552236	0.564920394	0.39182365	0.173611264	0.11710697	4	6.937915156	0.547145998	2.706799592	1.336932192	Not Significant	Not Significant	0.406909354	0.248012747
562	P53220	TIM21	664720	177560	883260	1737300	806820	2188100	-1.626245686	-1.94690072	-2.331482396	0.123395439	0.039888069	0.052979084	0.018059021	4	6.937915156	0.547145998	1.046588511	0.729792327	Not Significant	Significant	1.399156992	0.908700891
565	P53234	YGR053C	435000	124000	326530	200150	299070	326590	-0.050158122	-0.085108422	-0.083784786	0.936264826	0.934741305	0.254621872	0.232892001	4	6.937915156	0.547145998	0.520989194	0.537580444	Not Significant	Not Significant	0.029308566	0.028601292
567	P53260	GTF1	308630	125580	43633	250600	806960	204500	-1.537335941	-1.503108815	-1.962071797	0.207237401	0.075695629	0.08031473	0.03004618	4	6.937915156	0.547145998	1.569090442	0.920871495	Not Significant	Not Significant	1.1209292	0.683531862
570	P53292	MRPS35	3045000	969360	4799700	6062100	6395100	6018600	-1.347240529	-1.960781462	-2.119560744	0.121445773	0.057752867	0.052658264	0.024503503	4	6.937915156	0.547145998	0.708146566	0.606023971	Not Significant	Not Significant	1.238426451	0.915617596
573	P53305	RSM27	9714700	3934100	13450000	10718000	22579000	15090000	-0.942885687	-1.533660239	-1.550945228	0.199892834	0.14934948	0.079221025	0.053972154	4	6.937915156	0.547145998	0.566958185	0.554391323	Not Significant	Not Significant	0.825796285	0.699202774
574	P53311	MPC3	58307	41119	89723	1556000	3256000	1483000	-5.030692598	-10.25164163	-8.900984155	0.00051041	2.43E-06	0.003471112	2.79E-05	4	6.937915156	0.547145998	0.361210185	0.479149196	Significant	Significant	5.614034454	3.292081184
575	P53312	LSC2	3051900	1772100	2522900	10373000	15281000	11274000	-2.344368394	-8.205013289	-4.586893833	0.001202282	0.000792976	0.004085243	0.001287473	4	6.937915156	0.547145998	0.12245722	0.39183714	Significant	Significant	3.100740211	2.919993626
577	P53598	LSC1	4440300	2813100	4093500	12047000	17639000	13374000	-1.932168373	-7.406339463	-3.816855003	0.001773028	0.002887521	0.004852898	0.002701374	4	6.937915156	0.547145998	0.102087829	0.384388046	Significant	Significant	2.539474905	2.751284398
580	P53724	MRPL50	541650	176860	20812	1708300	2422100	2554500	-4.124062924	-2.964220615	-4.255362134	0.04138075	0.001370657	0.025028676	0.001796065	4	6.937915156	0.547145998	2.903492967	1.408863039	Significant	Significant	2.863071083	1.383201639
581	P53732	MRPS12	3357100	1932700	5755100	727520	3896700	3791300	0.598889975	0.650579451	0.814031076	0.550796998	0.432991865	0.170360196	0.126300635	4	6.937915156	0.547145998	1.271114468	0.811901561	Not Significant	Not Significant	0.363520263	0.259008435
582	P53733	RSM19	8019400	3430600	7205000	15862000	25705000	18277000	-1.744161206	-3.98997036	-3.177770975	0.016265329	0.008854766	0.014246178	0.005822859	4	6.937915156	0.547145998	0.286632324	0.451876042	Significant	Significant	2.052822897	1.788737146
583	P53736	YNR040W	3210800	1249800	2506500	1128800	1278300	235340	1.629489825	1.841250966	2.264514599	0.139396065	0.044864575	0.058697916	0.019885843	4	6.937915156	0.547145998	1.174812584	0.776683923	Not Significant	Significant	1.348096439	0.855749487
587	P53875	MRPL19	11268000	1107900	3001500	4026600	7177400	5556200	-0.69981704	-0.700688421	-0.906364137	0.522113503	0.384275209	0.163906519	0.11692382	4	6.937915156	0.547145998	1.4962715	0.894241578	Not Significant	Not Significant	0.415357632	0.282235075
589	P53881	MRPL22	423270	402280	687060	1979800	2366700	1333300	-1.912934303	-5.513069687	-3.645181563	0.005282677	0.003888227	0.007585072	0.003285512	4	6.937915156	0.547145998	0.180594452	0.41309795	Significant	Significant	2.410248367	2.277145961
590	P53889	FMP41	101990	89495	98198	92802	0	0	0.86135268	1.73048399	1.517994324	0.158592762	0.157375753	0.065521376	0.056617667	4	6.937915156	0.547145998	0.371636282	0.482962024	Not Significant	Not Significant	0.80306218	0.799716636
591	P53937	SWS2	177120	400980	872000	574220	764390	768320	-0.815011417	-1.201610942	-1.28927804	0.295791754	0.223898707	0.104464778	0.07453385	4	6.937915156	0.547145998	0.690066422	0.599412055	Not Significant	Not Significant	0.649948414	0.529013937
598	Q00711	SDH1	4825500	3943300	3375600	11672000	18862000	12133000	-1.792676393	-6.699847571	-3.532400189	0.002582228	0.004734983	0.006112633	0.003697305	4	6.937915156	0.547145998	0.107390339	0.386327176	Significant	Significant	2.324681606	2.588005471
600	Q01163	RSM23	5185200	1129000	4996400	4502100	8913300	5478400	-0.969992757	-1.241446934	-1.438602441	0.282266114	0.178256637	0.101322156	0.062178019	4	6.937915156	0.547145998	0.915739444	0.681940771	Not Significant	Not Significant	0.748954292	0.549341256
601	Q01217	"ARG5,6"	208770	196710	247310	1171400	1369900	783490	-2.317256714	-8.924162321	-4.579643004	0.000871714	0.000802397	0.004085243	0.001287473	4	6.937915156	0.547145998	0.101135735	0.384039864	Significant	Significant	3.095610722	3.059625881
603	Q01802	AAT1	3433200	1715600	3158000	6772400	6757000	5654200	-1.266031553	-3.871369673	-2.434318584	0.017972545	0.033269628	0.015172995	0.015547381	4	6.937915156	0.547145998	0.160417237	0.405719134	Not Significant	Not Significant	1.477952055	1.745390415
604	Q01852	TIM44	6304300	2307200	8047400	8715100	12244000	8837700	-1.003396406	-1.747003266	-1.691206597	0.155559799	0.11905702	0.064572919	0.0436144	4	6.937915156	0.547145998	0.494821895	0.528011052	Not Significant	Not Significant	0.924244993	0.808102627
609	Q02204	MRPL13	316330	0	379490	3034000	5305000	2005600	-3.683729468	-5.788322649	-5.979864203	0.004427048	9.40E-05	0.007049967	0.000367542	4	6.937915156	0.547145998	0.607520942	0.569225139	Significant	Significant	4.02665194	2.353885728
612	Q02486	ABF2	1020800	492810	898980	3354200	8360100	2959100	-2.506494257	-4.376816207	-4.228880281	0.011904476	0.001432792	0.011375985	0.001796065	4	6.937915156	0.547145998	0.49193539	0.526955456	Significant	Significant	2.843816954	1.924289702
613	Q02608	MRPS16	1995800	1303100	6087600	1956200	3638100	5242000	-0.412189303	-0.526942541	-0.610979608	0.626103882	0.553697719	0.187801497	0.155073825	4	6.937915156	0.547145998	0.91782138	0.682702136	Not Significant	Not Significant	0.256727265	0.203353603
616	Q02773	RPM2	170550	112600	78401	127550	107100	0	0.304516663	0.647839724	0.545023944	0.55239656	0.596674841	0.170360196	0.163376322	4	6.937915156	0.547145998	0.331419635	0.46825478	Not Significant	Not Significant	0.224262274	0.257749035
617	Q02776	TIM50	2971200	2320600	2838100	198450	484970	56457	3.938119285	4.344040525	5.399657488	0.0122141	0.000221075	0.011485207	0.000633433	4	6.937915156	0.547145998	1.232767727	0.797878142	Significant	Significant	3.655460235	1.913138524
618	Q02873	YPL107W	0	108190	138890	0	0	552740	-0.9475098	-1.399039709	-1.499817454	0.234366543	0.161961017	0.087670944	0.057493807	4	6.937915156	0.547145998	0.688016094	0.598662249	Not Significant	Not Significant	0.790589504	0.630104387
620	Q02950	MRP51	4482900	1421700	6500400	4840500	7413600	6230500	-0.81070014	-1.185678734	-1.27810206	0.301370465	0.227670381	0.10516288	0.075476226	4	6.937915156	0.547145998	0.701257781	0.60350474	Not Significant	Not Significant	0.642693465	0.520899312
623	Q03028	ODC1	3015000	1242600	1814000	1088300	1974500	1228500	0.454744296	1.001879754	0.821113418	0.373094699	0.429115368	0.125684359	0.12564422	4	6.937915156	0.547145998	0.309025686	0.460065304	Not Significant	Not Significant	0.367425932	0.428180921
624	Q03104	MSC1	0	14691	72633	0	0	63395	-0.368985695	-0.293475178	-0.410118799	0.783755767	0.689637024	0.22506938	0.183811671	4	6.937915156	0.547145998	2.37119663	1.214202053	Not Significant	Not Significant	0.161379431	0.10581925
625	Q03201	RSM10	694980	141400	595660	3556400	2400300	2386200	-2.814296306	-3.723236142	-4.241213772	0.020416833	0.001403495	0.015966358	0.001796065	4	6.937915156	0.547145998	0.857017592	0.660466166	Significant	Significant	2.852789081	1.690011626
626	Q03246	MRPS17	5133800	2020100	6175600	5205500	8860500	5046600	-0.620567828	-1.099789161	-1.052255739	0.33316533	0.315373687	0.114434012	0.098067422	4	6.937915156	0.547145998	0.477585246	0.521707603	Not Significant	Not Significant	0.501174544	0.477340199
627	Q03430	RSM28	2248300	1091300	3219200	6966500	14014000	6839200	-2.133824659	-3.733447625	-3.6025543	0.020236058	0.004188261	0.015966358	0.003464025	4	6.937915156	0.547145998	0.489991552	0.526244594	Significant	Significant	2.377966229	1.693874079
631	Q03799	MRPS8	107560	26695	174340	509590	843240	466200	-2.881514182	-3.373544277	-4.082534849	0.027951863	0.001833477	0.018875999	0.00204297	4	6.937915156	0.547145998	1.09435935	0.747262142	Significant	Significant	2.736724505	1.553589236
633	Q03976	RSM24	1527200	743920	1392700	3437700	7284500	4276800	-2.026937475	-4.425390953	-3.651762353	0.011462873	0.003843922	0.011155434	0.003285512	4	6.937915156	0.547145998	0.314679663	0.462132965	Significant	Significant	2.415225466	1.940706512
634	Q04013	YHM2	2342400	1085200	2438800	13009000	26173000	12989000	-3.159514717	-6.223525036	-5.536857467	0.00339407	0.000179849	0.00646247	0.000577149	4	6.937915156	0.547145998	0.38659759	0.48843338	Significant	Significant	3.745090876	2.469279155
636	Q04172	SHE9	1178000	328060	1329600	4001200	8700800	1967600	-2.352884777	-2.629461088	-3.249814134	0.058219061	0.007792253	0.032110566	0.005293835	4	6.937915156	0.547145998	1.201044454	0.786276928	Not Significant	Significant	2.108336932	1.234934804
639	Q04401	SDH7	876900	321040	388550	2050500	3233000	2242300	-2.362115731	-4.842336683	-4.186218268	0.008385859	0.001539155	0.009538769	0.001830917	4	6.937915156	0.547145998	0.356930482	0.477584107	Significant	Significant	2.812717503	2.076452431
641	Q04598	YDR115W	1000300	382770	545670	7370200	2100900	5462900	-2.887098411	-4.248390112	-4.563431574	0.013174985	0.00082389	0.012020275	0.001296039	4	6.937915156	0.547145998	0.692732647	0.600387095	Significant	Significant	3.084130916	1.880249866
642	Q04599	MRPL1	3164500	583330	4404600	5801600	7669700	4700800	-1.561718175	-1.686277547	-2.115381529	0.167020416	0.058172225	0.068358306	0.024503503	4	6.937915156	0.547145998	1.28658497	0.817559129	Not Significant	Not Significant	1.235284323	0.777230439
646	Q05779	COQ9	122170	37234	99169	245770	328140	221210	-1.768497735	-3.185760407	-3.014976204	0.03335102	0.011830136	0.021799164	0.007049408	4	6.937915156	0.547145998	0.46224695	0.516098382	Significant	Significant	1.927010245	1.476890873
648	Q05892	YLR290C	438090	153200	1243900	2168000	3996900	3878100	-2.88431278	-3.141044638	-3.926025357	0.034812699	0.002393591	0.022169073	0.002341828	4	6.937915156	0.547145998	1.264817165	0.809598635	Significant	Significant	2.620950098	1.458262306
649	Q05931	SSQ1	46374	147330	249760	786290	1236300	530370	-2.746345298	-3.435696591	-4.027257073	0.026397519	0.00201383	0.018349662	0.002056005	4	6.937915156	0.547145998	0.958455451	0.697562031	Significant	Significant	2.695977155	1.578436887
650	Q06005	LIP2	4415.8	0	0	201290	589920	350080	-3.61232424	-2.548761221	-3.675436403	0.063388652	0.003688796	0.033648296	0.003252087	4	6.937915156	0.547145998	3.013050483	1.448928267	Not Significant	Significant	2.433115403	1.197988487
651	Q06090	MRPL51	3453900	758110	2395300	3431100	3681400	4629500	-1.073623434	-1.597887241	-1.705096926	0.185309785	0.116376918	0.07445217	0.043032317	4	6.937915156	0.547145998	0.677178195	0.594698825	Not Significant	Not Significant	0.934133148	0.732101649
652	Q06405	ATP17	3173600	2701700	3568200	16218000	18179000	13168000	-2.329168338	-13.00360733	-4.723960485	0.00020182	0.000635162	0.002464415	0.001218598	4	6.937915156	0.547145998	0.048124399	0.364653598	Significant	Significant	3.197115379	3.695035434
655	Q06630	MHR1	2616000	980500	5798100	3574400	5408100	5073500	-0.907090658	-1.186667757	-1.359707014	0.301021304	0.201291385	0.10516288	0.068826681	4	6.937915156	0.547145998	0.876464565	0.667577932	Not Significant	Not Significant	0.696174811	0.521402767
657	Q06668	OMS1	437160	100850	438640	408090	680520	454300	-0.901920121	-1.217177174	-1.37196552	0.290435108	0.197556811	0.103406898	0.068048784	4	6.937915156	0.547145998	0.823606587	0.648247748	Not Significant	Not Significant	0.704307993	0.536950888
658	Q06678	MRPL35	923890	345300	1401800	2070800	3351000	2522000	-1.763450807	-2.789249172	-2.869976436	0.049349868	0.015321879	0.028624938	0.008595972	4	6.937915156	0.547145998	0.599574745	0.566319212	Significant	Significant	1.814687985	1.306714006
659	Q06892	POS5	0	80691	238600	204930	320160	570160	-1.256679616	-2.021059564	-2.05830895	0.113360823	0.064194888	0.049893666	0.02627625	4	6.937915156	0.547145998	0.579938812	0.559138343	Not Significant	Not Significant	1.192499554	0.945537008
660	Q07349	YDL027C	1449100	852220	1065800	273220	256250	38080	2.98248517	3.11105261	3.959198945	0.035835365	0.002261553	0.022580447	0.002239963	4	6.937915156	0.547145998	1.378583684	0.851203096	Significant	Significant	2.645593182	1.44568817
661	Q07500	NDE2	150600	33951	164570	33946	138410	27658	0.898306232	0.864912699	1.135502024	0.43587429	0.280434164	0.141394655	0.090354666	4	6.937915156	0.547145998	1.618063413	0.93878093	Not Significant	Not Significant	0.552169079	0.360638747
663	Q07821	ISA1	58232	0	50634	76208	112560	135490	-0.780183954	-2.55556682	-1.514268943	0.062932923	0.15830627	0.033610081	0.056698179	4	6.937915156	0.547145998	0.13980117	0.39817983	Not Significant	Not Significant	0.800501884	1.201122097
666	Q08023	FMP25	8852400	5082900	5917800	227350	602210	532040	3.94528311	7.857519188	6.935809134	0.001417463	2.54E-05	0.004433935	0.000145647	4	6.937915156	0.547145998	0.378160972	0.485348106	Significant	Significant	4.59488964	2.848488162
668	Q08179	MDM38	5384800	2206900	5235500	1328200	1112200	922670	1.837488681	4.094323213	3.327026011	0.014922199	0.006796876	0.013201799	0.004912532	4	6.937915156	0.547145998	0.30211783	0.457539098	Significant	Significant	2.167690667	1.826167182
671	Q08742	RDL2	1342300	288900	1154200	151570	243660	287970	1.798418196	2.37329837	2.707032897	0.076545488	0.020491091	0.037664751	0.010674889	4	6.937915156	0.547145998	0.861326786	0.662042039	Not Significant	Significant	1.688434912	1.116080405
672	Q08818	MSC6	555710	386180	617040	568500	763550	278090	0.044511606	0.092990035	0.079287921	0.93038283	0.938235617	0.254294602	0.23303889	4	6.937915156	0.547145998	0.343688476	0.4727415	Not Significant	Not Significant	0.027688084	0.031338313
673	Q08822	CIR2	236080	52599	354550	777240	750710	366340	-1.867142296	-2.05452382	-2.556517877	0.109128444	0.026788158	0.048518486	0.013062481	4	6.937915156	0.547145998	1.23886428	0.800107654	Not Significant	Significant	1.572057152	0.962062039
674	Q12031	ICL2	163350	97553	91034	513370	763140	217270	-1.958244582	-3.277545521	-3.255094183	0.030571239	0.007719679	0.020439829	0.005293835	4	6.937915156	0.547145998	0.535460774	0.542872707	Significant	Significant	2.112400736	1.514686957
680	Q12166	LEU9	284630	98868	296190	288880	625440	179760	-0.654075876	-0.887251167	-0.997327471	0.425071532	0.340157815	0.138402917	0.104558406	4	6.937915156	0.547145998	0.815181591	0.645166723	Not Significant	Not Significant	0.468319547	0.37153798
682	Q12233	ATP20	4345000	4238800	8100700	5995400	9010900	5285700	-0.312187703	-0.813201915	-0.58450832	0.461733935	0.570737699	0.148137377	0.158437407	4	6.937915156	0.547145998	0.22106809	0.427899175	Not Significant	Not Significant	0.24356344	0.335608206
684	Q12298	YDR061W	1543000	419280	251010	859210	646630	635810	-0.373740641	-0.47164374	-0.550449782	0.661756935	0.593074465	0.196477123	0.16294663	4	6.937915156	0.547145998	0.941897753	0.691506875	Not Significant	Not Significant	0.226890774	0.179301499
688	Q12428	PDH1	1198000	563120	826760	841970	1249900	841810	-0.222512421	-0.605666816	-0.419962856	0.577421478	0.682643552	0.174996997	0.182554166	4	6.937915156	0.547145998	0.20245673	0.421092993	Not Significant	Not Significant	0.165806007	0.238507066
692	Q12467	YPL168W	4778900	3381100	4952400	0	0	41032	5.757088287	11.02545009	10.00545088	0.000384694	7.70E-07	0.003063082	1.54E-05	4	6.937915156	0.547145998	0.408982178	0.496619433	Significant	Significant	6.113428022	3.414884144
693	Q12480	AIM45	371240	203430	99109	1020400	1170400	1854300	-2.73627428	-4.491026691	-4.515993383	0.010897229	0.000890329	0.010724118	0.001322744	4	6.937915156	0.547145998	0.556825663	0.550685856	Significant	Significant	3.050449294	1.962683932
694	Q12486	YOR131C	0	69215	0	379870	554320	699190	-2.473378294	-6.230115448	-4.600820909	0.003380852	0.000775204	0.00646247	0.001287473	4	6.937915156	0.547145998	0.236417794	0.433512568	Significant	Significant	3.110583951	2.470973895
695	Q12487	MRPL23	2674800	1065500	2803300	2244700	3088900	3322100	-0.50920785	-1.046880913	-0.903142486	0.354242515	0.385908334	0.121198215	0.11692382	4	6.937915156	0.547145998	0.354884373	0.476835844	Not Significant	Not Significant	0.413515843	0.450699317
696	Q12497	FMP16	665340	215310	1279900	1197800	1160100	0	0.095292755	0.069443618	0.099350047	0.947969546	0.922657807	0.256262395	0.23131814	4	6.937915156	0.547145998	2.824531014	1.37998662	Not Significant	Not Significant	0.034959339	0.023205614
700	Q2V2P9	YDR119W-A	3437100	2827700	5352800	5046300	6489900	2187000	-0.1537536	-0.281112457	-0.263387447	0.792566193	0.797147738	0.225928836	0.207456173	4	6.937915156	0.547145998	0.448726448	0.511153929	Not Significant	Not Significant	0.098461182	0.100964457
701	Q3E6R5	YDR381C-A	520050	0	564940	1042500	2164600	1546900	-2.262345271	-2.706613649	-3.242295481	0.053725173	0.007896798	0.030772999	0.005293835	4	6.937915156	0.547145998	1.04798845	0.730304285	Not Significant	Significant	2.10254899	1.269822174
703	Q6Q560	ISD11	364070	556370	957560	2818600	2815100	3779100	-2.42412284	-5.666817108	-4.438492451	0.004782049	0.001011256	0.007221402	0.001423329	4	6.937915156	0.547145998	0.27448721	0.447434569	Significant	Significant	2.995138906	2.320386001
704	Q96VH5	MIC10	170550	2196300	5590800	2382600	4227900	3694500	-1.383820207	-0.907202185	-1.330186948	0.415610456	0.210526095	0.137365001	0.071567021	4	6.937915156	0.547145998	3.490136562	1.623398839	Not Significant	Not Significant	0.676694066	0.381313535
